删除数据 
=========================

使用 `DELETE` 语句删除数据。

示例如下：

1. 假设有如下所示数据的表 `t1`。

   ```sql
   obclient> CREATE TABLE t1(c1 int primary key, c2 int);
   Query OK, 0 rows affected (0.16 sec)
   obclient> INSERT INTO t1 VALUES(1,1),(2,2),(3,3),(4,4);
   Query OK, 4 rows affected (0.01 sec)
   Records: 4  Duplicates: 0  Warnings: 0
   obclient> SELECT * FROM t1;
   +----+------+
   | c1 | c2   |
   +----+------+
   |  1 |    1 |
   |  2 |    2 |
   |  3 |    3 |
   |  4 |    4 |
   +----+------+
   4 rows in set (0.06 sec)
   ```

   

2. 删除 `c1=2` 的行。

   




```sql
obclient> DELETE FROM t1 WHERE c1 = 2;
Query OK, 1 row affected (0.02 sec)

obclient> SELECT * FROM t1;
+----+------+
| c1 | c2   |
+----+------+
|  1 |    1 |
|  3 |    3 |
|  4 |    4 |
+----+------+
3 rows in set (0.01 sec)
```



更多 `DELETE` 语句相关的语法说明请参见《SQL 参考（Oracle 模式）》中 [DELETE](/zh-CN/11.sql-reference-oracle-mode/9.sql-statement-1/2.DML/1.DELETE-1.md)章节。
